raceId,driverId,driver_name,circuitId,cirtuit_name,race_date,time_race,conteggio
1074,1,Lewis Hamilton,3,Bahrain Grand Prix,2022-03-20,15:00:00,57
1074,4,Fernando Alonso,3,Bahrain Grand Prix,2022-03-20,15:00:00,57
1074,807,Nico Hülkenberg,3,Bahrain Grand Prix,2022-03-20,15:00:00,57
1074,815,Sergio Pérez,3,Bahrain Grand Prix,2022-03-20,15:00:00,56
1074,817,Daniel Ricciardo,3,Bahrain Grand Prix,2022-03-20,15:00:00,57
1074,822,Valtteri Bottas,3,Bahrain Grand Prix,2022-03-20,15:00:00,57
1074,825,Kevin Magnussen,3,Bahrain Grand Prix,2022-03-20,15:00:00,57
1074,830,Max Verstappen,3,Bahrain Grand Prix,2022-03-20,15:00:00,54
1074,832,Carlos Sainz,3,Bahrain Grand Prix,2022-03-20,15:00:00,57
1074,839,Esteban Ocon,3,Bahrain Grand Prix,2022-03-20,15:00:00,57
1074,840,Lance Stroll,3,Bahrain Grand Prix,2022-03-20,15:00:00,57
1074,842,Pierre Gasly,3,Bahrain Grand Prix,2022-03-20,15:00:00,44
1074,844,Charles Leclerc,3,Bahrain Grand Prix,2022-03-20,15:00:00,57
1074,846,Lando Norris,3,Bahrain Grand Prix,2022-03-20,15:00:00,57
1074,847,George Russell,3,Bahrain Grand Prix,2022-03-20,15:00:00,57
1074,848,Alexander Albon,3,Bahrain Grand Prix,2022-03-20,15:00:00,57
1074,849,Nicholas Latifi,3,Bahrain Grand Prix,2022-03-20,15:00:00,57
1074,852,Yuki Tsunoda,3,Bahrain Grand Prix,2022-03-20,15:00:00,57
1074,854,Mick Schumacher,3,Bahrain Grand Prix,2022-03-20,15:00:00,57
1074,855,Guanyu Zhou,3,Bahrain Grand Prix,2022-03-20,15:00:00,57
1075,1,Lewis Hamilton,77,Saudi Arabian Grand Prix,2022-03-27,17:00:00,50
1075,4,Fernando Alonso,77,Saudi Arabian Grand Prix,2022-03-27,17:00:00,35
1075,807,Nico Hülkenberg,77,Saudi Arabian Grand Prix,2022-03-27,17:00:00,50
1075,815,Sergio Pérez,77,Saudi Arabian Grand Prix,2022-03-27,17:00:00,50
1075,817,Daniel Ricciardo,77,Saudi Arabian Grand Prix,2022-03-27,17:00:00,35
1075,822,Valtteri Bottas,77,Saudi Arabian Grand Prix,2022-03-27,17:00:00,36
1075,825,Kevin Magnussen,77,Saudi Arabian Grand Prix,2022-03-27,17:00:00,50
1075,830,Max Verstappen,77,Saudi Arabian Grand Prix,2022-03-27,17:00:00,50
1075,832,Carlos Sainz,77,Saudi Arabian Grand Prix,2022-03-27,17:00:00,50
1075,839,Esteban Ocon,77,Saudi Arabian Grand Prix,2022-03-27,17:00:00,50
1075,840,Lance Stroll,77,Saudi Arabian Grand Prix,2022-03-27,17:00:00,49
1075,842,Pierre Gasly,77,Saudi Arabian Grand Prix,2022-03-27,17:00:00,50
1075,844,Charles Leclerc,77,Saudi Arabian Grand Prix,2022-03-27,17:00:00,50
1075,846,Lando Norris,77,Saudi Arabian Grand Prix,2022-03-27,17:00:00,50
1075,847,George Russell,77,Saudi Arabian Grand Prix,2022-03-27,17:00:00,50
1075,848,Alexander Albon,77,Saudi Arabian Grand Prix,2022-03-27,17:00:00,47
1075,849,Nicholas Latifi,77,Saudi Arabian Grand Prix,2022-03-27,17:00:00,14
1075,855,Guanyu Zhou,77,Saudi Arabian Grand Prix,2022-03-27,17:00:00,50
1076,1,Lewis Hamilton,1,Australian Grand Prix,2022-04-10,05:00:00,58
1076,4,Fernando Alonso,1,Australian Grand Prix,2022-04-10,05:00:00,57
1076,20,Sebastian Vettel,1,Australian Grand Prix,2022-04-10,05:00:00,22
1076,815,Sergio Pérez,1,Australian Grand Prix,2022-04-10,05:00:00,58
1076,817,Daniel Ricciardo,1,Australian Grand Prix,2022-04-10,05:00:00,58
1076,822,Valtteri Bottas,1,Australian Grand Prix,2022-04-10,05:00:00,58
1076,825,Kevin Magnussen,1,Australian Grand Prix,2022-04-10,05:00:00,57
1076,830,Max Verstappen,1,Australian Grand Prix,2022-04-10,05:00:00,38
1076,832,Carlos Sainz,1,Australian Grand Prix,2022-04-10,05:00:00,1
1076,839,Esteban Ocon,1,Australian Grand Prix,2022-04-10,05:00:00,58
1076,840,Lance Stroll,1,Australian Grand Prix,2022-04-10,05:00:00,58
1076,842,Pierre Gasly,1,Australian Grand Prix,2022-04-10,05:00:00,58
1076,844,Charles Leclerc,1,Australian Grand Prix,2022-04-10,05:00:00,58
1076,846,Lando Norris,1,Australian Grand Prix,2022-04-10,05:00:00,58
1076,847,George Russell,1,Australian Grand Prix,2022-04-10,05:00:00,58
1076,848,Alexander Albon,1,Australian Grand Prix,2022-04-10,05:00:00,58
1076,849,Nicholas Latifi,1,Australian Grand Prix,2022-04-10,05:00:00,57
1076,852,Yuki Tsunoda,1,Australian Grand Prix,2022-04-10,05:00:00,57
1076,854,Mick Schumacher,1,Australian Grand Prix,2022-04-10,05:00:00,57
1076,855,Guanyu Zhou,1,Australian Grand Prix,2022-04-10,05:00:00,58
1077,1,Lewis Hamilton,21,Emilia Romagna Grand Prix,2022-04-24,13:00:00,62
1077,4,Fernando Alonso,21,Emilia Romagna Grand Prix,2022-04-24,13:00:00,6
1077,20,Sebastian Vettel,21,Emilia Romagna Grand Prix,2022-04-24,13:00:00,63
1077,815,Sergio Pérez,21,Emilia Romagna Grand Prix,2022-04-24,13:00:00,63
1077,817,Daniel Ricciardo,21,Emilia Romagna Grand Prix,2022-04-24,13:00:00,62
1077,822,Valtteri Bottas,21,Emilia Romagna Grand Prix,2022-04-24,13:00:00,63
1077,825,Kevin Magnussen,21,Emilia Romagna Grand Prix,2022-04-24,13:00:00,63
1077,830,Max Verstappen,21,Emilia Romagna Grand Prix,2022-04-24,13:00:00,63
1077,839,Esteban Ocon,21,Emilia Romagna Grand Prix,2022-04-24,13:00:00,62
1077,840,Lance Stroll,21,Emilia Romagna Grand Prix,2022-04-24,13:00:00,62
1077,842,Pierre Gasly,21,Emilia Romagna Grand Prix,2022-04-24,13:00:00,62
1077,844,Charles Leclerc,21,Emilia Romagna Grand Prix,2022-04-24,13:00:00,63
1077,846,Lando Norris,21,Emilia Romagna Grand Prix,2022-04-24,13:00:00,63
1077,847,George Russell,21,Emilia Romagna Grand Prix,2022-04-24,13:00:00,63
1077,848,Alexander Albon,21,Emilia Romagna Grand Prix,2022-04-24,13:00:00,62
1077,849,Nicholas Latifi,21,Emilia Romagna Grand Prix,2022-04-24,13:00:00,62
1077,852,Yuki Tsunoda,21,Emilia Romagna Grand Prix,2022-04-24,13:00:00,63
1077,854,Mick Schumacher,21,Emilia Romagna Grand Prix,2022-04-24,13:00:00,62
1077,855,Guanyu Zhou,21,Emilia Romagna Grand Prix,2022-04-24,13:00:00,62
1078,1,Lewis Hamilton,79,Miami Grand Prix,2022-05-08,19:30:00,57
1078,4,Fernando Alonso,79,Miami Grand Prix,2022-05-08,19:30:00,57
1078,20,Sebastian Vettel,79,Miami Grand Prix,2022-05-08,19:30:00,54
1078,815,Sergio Pérez,79,Miami Grand Prix,2022-05-08,19:30:00,57
1078,817,Daniel Ricciardo,79,Miami Grand Prix,2022-05-08,19:30:00,57
1078,822,Valtteri Bottas,79,Miami Grand Prix,2022-05-08,19:30:00,57
1078,825,Kevin Magnussen,79,Miami Grand Prix,2022-05-08,19:30:00,56
1078,830,Max Verstappen,79,Miami Grand Prix,2022-05-08,19:30:00,57
1078,832,Carlos Sainz,79,Miami Grand Prix,2022-05-08,19:30:00,57
1078,839,Esteban Ocon,79,Miami Grand Prix,2022-05-08,19:30:00,57
1078,840,Lance Stroll,79,Miami Grand Prix,2022-05-08,19:30:00,57
1078,842,Pierre Gasly,79,Miami Grand Prix,2022-05-08,19:30:00,45
1078,844,Charles Leclerc,79,Miami Grand Prix,2022-05-08,19:30:00,57
1078,846,Lando Norris,79,Miami Grand Prix,2022-05-08,19:30:00,39
1078,847,George Russell,79,Miami Grand Prix,2022-05-08,19:30:00,57
1078,848,Alexander Albon,79,Miami Grand Prix,2022-05-08,19:30:00,57
1078,849,Nicholas Latifi,79,Miami Grand Prix,2022-05-08,19:30:00,57
1078,852,Yuki Tsunoda,79,Miami Grand Prix,2022-05-08,19:30:00,57
1078,854,Mick Schumacher,79,Miami Grand Prix,2022-05-08,19:30:00,57
1078,855,Guanyu Zhou,79,Miami Grand Prix,2022-05-08,19:30:00,6
1079,1,Lewis Hamilton,4,Spanish Grand Prix,2022-05-22,13:00:00,66
1079,4,Fernando Alonso,4,Spanish Grand Prix,2022-05-22,13:00:00,65
1079,20,Sebastian Vettel,4,Spanish Grand Prix,2022-05-22,13:00:00,65
1079,815,Sergio Pérez,4,Spanish Grand Prix,2022-05-22,13:00:00,66
1079,817,Daniel Ricciardo,4,Spanish Grand Prix,2022-05-22,13:00:00,65
1079,822,Valtteri Bottas,4,Spanish Grand Prix,2022-05-22,13:00:00,66
1079,825,Kevin Magnussen,4,Spanish Grand Prix,2022-05-22,13:00:00,64
1079,830,Max Verstappen,4,Spanish Grand Prix,2022-05-22,13:00:00,66
1079,832,Carlos Sainz,4,Spanish Grand Prix,2022-05-22,13:00:00,66
1079,839,Esteban Ocon,4,Spanish Grand Prix,2022-05-22,13:00:00,66
1079,840,Lance Stroll,4,Spanish Grand Prix,2022-05-22,13:00:00,65
1079,842,Pierre Gasly,4,Spanish Grand Prix,2022-05-22,13:00:00,65
1079,844,Charles Leclerc,4,Spanish Grand Prix,2022-05-22,13:00:00,27
1079,846,Lando Norris,4,Spanish Grand Prix,2022-05-22,13:00:00,66
1079,847,George Russell,4,Spanish Grand Prix,2022-05-22,13:00:00,66
1079,848,Alexander Albon,4,Spanish Grand Prix,2022-05-22,13:00:00,64
1079,849,Nicholas Latifi,4,Spanish Grand Prix,2022-05-22,13:00:00,64
1079,852,Yuki Tsunoda,4,Spanish Grand Prix,2022-05-22,13:00:00,65
1079,854,Mick Schumacher,4,Spanish Grand Prix,2022-05-22,13:00:00,65
1079,855,Guanyu Zhou,4,Spanish Grand Prix,2022-05-22,13:00:00,28
1080,1,Lewis Hamilton,6,Monaco Grand Prix,2022-05-29,13:00:00,64
1080,4,Fernando Alonso,6,Monaco Grand Prix,2022-05-29,13:00:00,64
1080,20,Sebastian Vettel,6,Monaco Grand Prix,2022-05-29,13:00:00,64
1080,815,Sergio Pérez,6,Monaco Grand Prix,2022-05-29,13:00:00,64
1080,817,Daniel Ricciardo,6,Monaco Grand Prix,2022-05-29,13:00:00,64
1080,822,Valtteri Bottas,6,Monaco Grand Prix,2022-05-29,13:00:00,64
1080,825,Kevin Magnussen,6,Monaco Grand Prix,2022-05-29,13:00:00,19
1080,830,Max Verstappen,6,Monaco Grand Prix,2022-05-29,13:00:00,64
1080,832,Carlos Sainz,6,Monaco Grand Prix,2022-05-29,13:00:00,64
1080,839,Esteban Ocon,6,Monaco Grand Prix,2022-05-29,13:00:00,64
1080,840,Lance Stroll,6,Monaco Grand Prix,2022-05-29,13:00:00,64
1080,842,Pierre Gasly,6,Monaco Grand Prix,2022-05-29,13:00:00,64
1080,844,Charles Leclerc,6,Monaco Grand Prix,2022-05-29,13:00:00,64
1080,846,Lando Norris,6,Monaco Grand Prix,2022-05-29,13:00:00,64
1080,847,George Russell,6,Monaco Grand Prix,2022-05-29,13:00:00,64
1080,848,Alexander Albon,6,Monaco Grand Prix,2022-05-29,13:00:00,48
1080,849,Nicholas Latifi,6,Monaco Grand Prix,2022-05-29,13:00:00,63
1080,852,Yuki Tsunoda,6,Monaco Grand Prix,2022-05-29,13:00:00,63
1080,854,Mick Schumacher,6,Monaco Grand Prix,2022-05-29,13:00:00,24
1080,855,Guanyu Zhou,6,Monaco Grand Prix,2022-05-29,13:00:00,63
1081,1,Lewis Hamilton,73,Azerbaijan Grand Prix,2022-06-12,11:00:00,51
1081,4,Fernando Alonso,73,Azerbaijan Grand Prix,2022-06-12,11:00:00,51
1081,20,Sebastian Vettel,73,Azerbaijan Grand Prix,2022-06-12,11:00:00,51
1081,815,Sergio Pérez,73,Azerbaijan Grand Prix,2022-06-12,11:00:00,51
1081,817,Daniel Ricciardo,73,Azerbaijan Grand Prix,2022-06-12,11:00:00,51
1081,822,Valtteri Bottas,73,Azerbaijan Grand Prix,2022-06-12,11:00:00,50
1081,825,Kevin Magnussen,73,Azerbaijan Grand Prix,2022-06-12,11:00:00,31
1081,830,Max Verstappen,73,Azerbaijan Grand Prix,2022-06-12,11:00:00,51
1081,832,Carlos Sainz,73,Azerbaijan Grand Prix,2022-06-12,11:00:00,8
1081,839,Esteban Ocon,73,Azerbaijan Grand Prix,2022-06-12,11:00:00,51
1081,840,Lance Stroll,73,Azerbaijan Grand Prix,2022-06-12,11:00:00,46
1081,842,Pierre Gasly,73,Azerbaijan Grand Prix,2022-06-12,11:00:00,51
1081,844,Charles Leclerc,73,Azerbaijan Grand Prix,2022-06-12,11:00:00,21
1081,846,Lando Norris,73,Azerbaijan Grand Prix,2022-06-12,11:00:00,51
1081,847,George Russell,73,Azerbaijan Grand Prix,2022-06-12,11:00:00,51
1081,848,Alexander Albon,73,Azerbaijan Grand Prix,2022-06-12,11:00:00,50
1081,849,Nicholas Latifi,73,Azerbaijan Grand Prix,2022-06-12,11:00:00,50
1081,852,Yuki Tsunoda,73,Azerbaijan Grand Prix,2022-06-12,11:00:00,50
1081,854,Mick Schumacher,73,Azerbaijan Grand Prix,2022-06-12,11:00:00,50
1081,855,Guanyu Zhou,73,Azerbaijan Grand Prix,2022-06-12,11:00:00,23
1082,1,Lewis Hamilton,7,Canadian Grand Prix,2022-06-19,18:00:00,70
1082,4,Fernando Alonso,7,Canadian Grand Prix,2022-06-19,18:00:00,70
1082,20,Sebastian Vettel,7,Canadian Grand Prix,2022-06-19,18:00:00,70
1082,815,Sergio Pérez,7,Canadian Grand Prix,2022-06-19,18:00:00,7
1082,817,Daniel Ricciardo,7,Canadian Grand Prix,2022-06-19,18:00:00,70
1082,822,Valtteri Bottas,7,Canadian Grand Prix,2022-06-19,18:00:00,70
1082,825,Kevin Magnussen,7,Canadian Grand Prix,2022-06-19,18:00:00,70
1082,830,Max Verstappen,7,Canadian Grand Prix,2022-06-19,18:00:00,70
1082,832,Carlos Sainz,7,Canadian Grand Prix,2022-06-19,18:00:00,70
1082,839,Esteban Ocon,7,Canadian Grand Prix,2022-06-19,18:00:00,70
1082,840,Lance Stroll,7,Canadian Grand Prix,2022-06-19,18:00:00,70
1082,842,Pierre Gasly,7,Canadian Grand Prix,2022-06-19,18:00:00,70
1082,844,Charles Leclerc,7,Canadian Grand Prix,2022-06-19,18:00:00,70
1082,846,Lando Norris,7,Canadian Grand Prix,2022-06-19,18:00:00,70
1082,847,George Russell,7,Canadian Grand Prix,2022-06-19,18:00:00,70
1082,848,Alexander Albon,7,Canadian Grand Prix,2022-06-19,18:00:00,70
1082,849,Nicholas Latifi,7,Canadian Grand Prix,2022-06-19,18:00:00,70
1082,852,Yuki Tsunoda,7,Canadian Grand Prix,2022-06-19,18:00:00,47
1082,854,Mick Schumacher,7,Canadian Grand Prix,2022-06-19,18:00:00,18
1082,855,Guanyu Zhou,7,Canadian Grand Prix,2022-06-19,18:00:00,70
1083,1,Lewis Hamilton,9,British Grand Prix,2022-07-03,14:00:00,52
1083,4,Fernando Alonso,9,British Grand Prix,2022-07-03,14:00:00,52
1083,20,Sebastian Vettel,9,British Grand Prix,2022-07-03,14:00:00,52
1083,815,Sergio Pérez,9,British Grand Prix,2022-07-03,14:00:00,52
1083,817,Daniel Ricciardo,9,British Grand Prix,2022-07-03,14:00:00,52
1083,822,Valtteri Bottas,9,British Grand Prix,2022-07-03,14:00:00,20
1083,825,Kevin Magnussen,9,British Grand Prix,2022-07-03,14:00:00,52
1083,830,Max Verstappen,9,British Grand Prix,2022-07-03,14:00:00,52
1083,832,Carlos Sainz,9,British Grand Prix,2022-07-03,14:00:00,52
1083,839,Esteban Ocon,9,British Grand Prix,2022-07-03,14:00:00,37
1083,840,Lance Stroll,9,British Grand Prix,2022-07-03,14:00:00,52
1083,842,Pierre Gasly,9,British Grand Prix,2022-07-03,14:00:00,26
1083,844,Charles Leclerc,9,British Grand Prix,2022-07-03,14:00:00,52
1083,846,Lando Norris,9,British Grand Prix,2022-07-03,14:00:00,52
1083,849,Nicholas Latifi,9,British Grand Prix,2022-07-03,14:00:00,52
1083,852,Yuki Tsunoda,9,British Grand Prix,2022-07-03,14:00:00,52
1083,854,Mick Schumacher,9,British Grand Prix,2022-07-03,14:00:00,52
1084,1,Lewis Hamilton,70,Austrian Grand Prix,2022-07-10,13:00:00,71
1084,4,Fernando Alonso,70,Austrian Grand Prix,2022-07-10,13:00:00,70
1084,20,Sebastian Vettel,70,Austrian Grand Prix,2022-07-10,13:00:00,70
1084,815,Sergio Pérez,70,Austrian Grand Prix,2022-07-10,13:00:00,24
1084,817,Daniel Ricciardo,70,Austrian Grand Prix,2022-07-10,13:00:00,70
1084,822,Valtteri Bottas,70,Austrian Grand Prix,2022-07-10,13:00:00,70
1084,825,Kevin Magnussen,70,Austrian Grand Prix,2022-07-10,13:00:00,70
1084,830,Max Verstappen,70,Austrian Grand Prix,2022-07-10,13:00:00,71
1084,832,Carlos Sainz,70,Austrian Grand Prix,2022-07-10,13:00:00,56
1084,839,Esteban Ocon,70,Austrian Grand Prix,2022-07-10,13:00:00,71
1084,840,Lance Stroll,70,Austrian Grand Prix,2022-07-10,13:00:00,70
1084,842,Pierre Gasly,70,Austrian Grand Prix,2022-07-10,13:00:00,70
1084,844,Charles Leclerc,70,Austrian Grand Prix,2022-07-10,13:00:00,71
1084,846,Lando Norris,70,Austrian Grand Prix,2022-07-10,13:00:00,70
1084,847,George Russell,70,Austrian Grand Prix,2022-07-10,13:00:00,71
1084,848,Alexander Albon,70,Austrian Grand Prix,2022-07-10,13:00:00,70
1084,849,Nicholas Latifi,70,Austrian Grand Prix,2022-07-10,13:00:00,48
1084,852,Yuki Tsunoda,70,Austrian Grand Prix,2022-07-10,13:00:00,70
1084,854,Mick Schumacher,70,Austrian Grand Prix,2022-07-10,13:00:00,70
1084,855,Guanyu Zhou,70,Austrian Grand Prix,2022-07-10,13:00:00,70
1085,1,Lewis Hamilton,34,French Grand Prix,2022-07-24,13:00:00,53
1085,4,Fernando Alonso,34,French Grand Prix,2022-07-24,13:00:00,53
1085,20,Sebastian Vettel,34,French Grand Prix,2022-07-24,13:00:00,53
1085,815,Sergio Pérez,34,French Grand Prix,2022-07-24,13:00:00,53
1085,817,Daniel Ricciardo,34,French Grand Prix,2022-07-24,13:00:00,53
1085,822,Valtteri Bottas,34,French Grand Prix,2022-07-24,13:00:00,53
1085,825,Kevin Magnussen,34,French Grand Prix,2022-07-24,13:00:00,37
1085,830,Max Verstappen,34,French Grand Prix,2022-07-24,13:00:00,53
1085,832,Carlos Sainz,34,French Grand Prix,2022-07-24,13:00:00,53
1085,839,Esteban Ocon,34,French Grand Prix,2022-07-24,13:00:00,53
1085,840,Lance Stroll,34,French Grand Prix,2022-07-24,13:00:00,53
1085,842,Pierre Gasly,34,French Grand Prix,2022-07-24,13:00:00,53
1085,844,Charles Leclerc,34,French Grand Prix,2022-07-24,13:00:00,17
1085,846,Lando Norris,34,French Grand Prix,2022-07-24,13:00:00,53
1085,847,George Russell,34,French Grand Prix,2022-07-24,13:00:00,53
1085,848,Alexander Albon,34,French Grand Prix,2022-07-24,13:00:00,53
1085,849,Nicholas Latifi,34,French Grand Prix,2022-07-24,13:00:00,40
1085,852,Yuki Tsunoda,34,French Grand Prix,2022-07-24,13:00:00,17
1085,854,Mick Schumacher,34,French Grand Prix,2022-07-24,13:00:00,53
1085,855,Guanyu Zhou,34,French Grand Prix,2022-07-24,13:00:00,47
1086,1,Lewis Hamilton,11,Hungarian Grand Prix,2022-07-31,13:00:00,70
1086,4,Fernando Alonso,11,Hungarian Grand Prix,2022-07-31,13:00:00,69
1086,20,Sebastian Vettel,11,Hungarian Grand Prix,2022-07-31,13:00:00,69
1086,815,Sergio Pérez,11,Hungarian Grand Prix,2022-07-31,13:00:00,70
1086,817,Daniel Ricciardo,11,Hungarian Grand Prix,2022-07-31,13:00:00,69
1086,822,Valtteri Bottas,11,Hungarian Grand Prix,2022-07-31,13:00:00,65
1086,825,Kevin Magnussen,11,Hungarian Grand Prix,2022-07-31,13:00:00,69
1086,830,Max Verstappen,11,Hungarian Grand Prix,2022-07-31,13:00:00,70
1086,832,Carlos Sainz,11,Hungarian Grand Prix,2022-07-31,13:00:00,70
1086,839,Esteban Ocon,11,Hungarian Grand Prix,2022-07-31,13:00:00,69
1086,840,Lance Stroll,11,Hungarian Grand Prix,2022-07-31,13:00:00,69
1086,842,Pierre Gasly,11,Hungarian Grand Prix,2022-07-31,13:00:00,69
1086,844,Charles Leclerc,11,Hungarian Grand Prix,2022-07-31,13:00:00,70
1086,846,Lando Norris,11,Hungarian Grand Prix,2022-07-31,13:00:00,70
1086,847,George Russell,11,Hungarian Grand Prix,2022-07-31,13:00:00,70
1086,848,Alexander Albon,11,Hungarian Grand Prix,2022-07-31,13:00:00,69
1086,849,Nicholas Latifi,11,Hungarian Grand Prix,2022-07-31,13:00:00,69
1086,852,Yuki Tsunoda,11,Hungarian Grand Prix,2022-07-31,13:00:00,68
1086,854,Mick Schumacher,11,Hungarian Grand Prix,2022-07-31,13:00:00,69
1086,855,Guanyu Zhou,11,Hungarian Grand Prix,2022-07-31,13:00:00,69
1087,4,Fernando Alonso,13,Belgian Grand Prix,2022-08-28,13:00:00,44
1087,20,Sebastian Vettel,13,Belgian Grand Prix,2022-08-28,13:00:00,44
1087,815,Sergio Pérez,13,Belgian Grand Prix,2022-08-28,13:00:00,44
1087,817,Daniel Ricciardo,13,Belgian Grand Prix,2022-08-28,13:00:00,44
1087,822,Valtteri Bottas,13,Belgian Grand Prix,2022-08-28,13:00:00,1
1087,825,Kevin Magnussen,13,Belgian Grand Prix,2022-08-28,13:00:00,43
1087,830,Max Verstappen,13,Belgian Grand Prix,2022-08-28,13:00:00,44
1087,832,Carlos Sainz,13,Belgian Grand Prix,2022-08-28,13:00:00,44
1087,839,Esteban Ocon,13,Belgian Grand Prix,2022-08-28,13:00:00,44
1087,840,Lance Stroll,13,Belgian Grand Prix,2022-08-28,13:00:00,44
1087,842,Pierre Gasly,13,Belgian Grand Prix,2022-08-28,13:00:00,44
1087,844,Charles Leclerc,13,Belgian Grand Prix,2022-08-28,13:00:00,44
1087,846,Lando Norris,13,Belgian Grand Prix,2022-08-28,13:00:00,44
1087,847,George Russell,13,Belgian Grand Prix,2022-08-28,13:00:00,44
1087,848,Alexander Albon,13,Belgian Grand Prix,2022-08-28,13:00:00,44
1087,849,Nicholas Latifi,13,Belgian Grand Prix,2022-08-28,13:00:00,43
1087,852,Yuki Tsunoda,13,Belgian Grand Prix,2022-08-28,13:00:00,44
1087,854,Mick Schumacher,13,Belgian Grand Prix,2022-08-28,13:00:00,43
1087,855,Guanyu Zhou,13,Belgian Grand Prix,2022-08-28,13:00:00,44
1088,1,Lewis Hamilton,39,Dutch Grand Prix,2022-09-04,13:00:00,72
1088,4,Fernando Alonso,39,Dutch Grand Prix,2022-09-04,13:00:00,72
1088,20,Sebastian Vettel,39,Dutch Grand Prix,2022-09-04,13:00:00,72
1088,815,Sergio Pérez,39,Dutch Grand Prix,2022-09-04,13:00:00,72
1088,817,Daniel Ricciardo,39,Dutch Grand Prix,2022-09-04,13:00:00,72
1088,822,Valtteri Bottas,39,Dutch Grand Prix,2022-09-04,13:00:00,53
1088,825,Kevin Magnussen,39,Dutch Grand Prix,2022-09-04,13:00:00,72
1088,830,Max Verstappen,39,Dutch Grand Prix,2022-09-04,13:00:00,72
1088,832,Carlos Sainz,39,Dutch Grand Prix,2022-09-04,13:00:00,72
1088,839,Esteban Ocon,39,Dutch Grand Prix,2022-09-04,13:00:00,72
1088,840,Lance Stroll,39,Dutch Grand Prix,2022-09-04,13:00:00,72
1088,842,Pierre Gasly,39,Dutch Grand Prix,2022-09-04,13:00:00,72
1088,844,Charles Leclerc,39,Dutch Grand Prix,2022-09-04,13:00:00,72
1088,846,Lando Norris,39,Dutch Grand Prix,2022-09-04,13:00:00,72
1088,847,George Russell,39,Dutch Grand Prix,2022-09-04,13:00:00,72
1088,848,Alexander Albon,39,Dutch Grand Prix,2022-09-04,13:00:00,72
1088,849,Nicholas Latifi,39,Dutch Grand Prix,2022-09-04,13:00:00,71
1088,852,Yuki Tsunoda,39,Dutch Grand Prix,2022-09-04,13:00:00,43
1088,854,Mick Schumacher,39,Dutch Grand Prix,2022-09-04,13:00:00,72
1088,855,Guanyu Zhou,39,Dutch Grand Prix,2022-09-04,13:00:00,72
1089,1,Lewis Hamilton,14,Italian Grand Prix,2022-09-11,13:00:00,53
1089,4,Fernando Alonso,14,Italian Grand Prix,2022-09-11,13:00:00,31
1089,20,Sebastian Vettel,14,Italian Grand Prix,2022-09-11,13:00:00,10
1089,815,Sergio Pérez,14,Italian Grand Prix,2022-09-11,13:00:00,53
1089,817,Daniel Ricciardo,14,Italian Grand Prix,2022-09-11,13:00:00,45
1089,822,Valtteri Bottas,14,Italian Grand Prix,2022-09-11,13:00:00,52
1089,825,Kevin Magnussen,14,Italian Grand Prix,2022-09-11,13:00:00,52
1089,830,Max Verstappen,14,Italian Grand Prix,2022-09-11,13:00:00,53
1089,832,Carlos Sainz,14,Italian Grand Prix,2022-09-11,13:00:00,53
1089,839,Esteban Ocon,14,Italian Grand Prix,2022-09-11,13:00:00,53
1089,840,Lance Stroll,14,Italian Grand Prix,2022-09-11,13:00:00,39
1089,842,Pierre Gasly,14,Italian Grand Prix,2022-09-11,13:00:00,53
1089,844,Charles Leclerc,14,Italian Grand Prix,2022-09-11,13:00:00,53
1089,846,Lando Norris,14,Italian Grand Prix,2022-09-11,13:00:00,53
1089,847,George Russell,14,Italian Grand Prix,2022-09-11,13:00:00,53
1089,849,Nicholas Latifi,14,Italian Grand Prix,2022-09-11,13:00:00,52
1089,852,Yuki Tsunoda,14,Italian Grand Prix,2022-09-11,13:00:00,52
1089,854,Mick Schumacher,14,Italian Grand Prix,2022-09-11,13:00:00,53
1089,855,Guanyu Zhou,14,Italian Grand Prix,2022-09-11,13:00:00,53
1089,856,Nyck de Vries,14,Italian Grand Prix,2022-09-11,13:00:00,53
1091,1,Lewis Hamilton,15,Singapore Grand Prix,2022-10-02,12:00:00,59
1091,4,Fernando Alonso,15,Singapore Grand Prix,2022-10-02,12:00:00,20
1091,20,Sebastian Vettel,15,Singapore Grand Prix,2022-10-02,12:00:00,59
1091,815,Sergio Pérez,15,Singapore Grand Prix,2022-10-02,12:00:00,59
1091,817,Daniel Ricciardo,15,Singapore Grand Prix,2022-10-02,12:00:00,59
1091,822,Valtteri Bottas,15,Singapore Grand Prix,2022-10-02,12:00:00,59
1091,825,Kevin Magnussen,15,Singapore Grand Prix,2022-10-02,12:00:00,59
1091,830,Max Verstappen,15,Singapore Grand Prix,2022-10-02,12:00:00,59
1091,832,Carlos Sainz,15,Singapore Grand Prix,2022-10-02,12:00:00,59
1091,839,Esteban Ocon,15,Singapore Grand Prix,2022-10-02,12:00:00,26
1091,840,Lance Stroll,15,Singapore Grand Prix,2022-10-02,12:00:00,59
1091,842,Pierre Gasly,15,Singapore Grand Prix,2022-10-02,12:00:00,59
1091,844,Charles Leclerc,15,Singapore Grand Prix,2022-10-02,12:00:00,59
1091,846,Lando Norris,15,Singapore Grand Prix,2022-10-02,12:00:00,59
1091,847,George Russell,15,Singapore Grand Prix,2022-10-02,12:00:00,57
1091,848,Alexander Albon,15,Singapore Grand Prix,2022-10-02,12:00:00,25
1091,849,Nicholas Latifi,15,Singapore Grand Prix,2022-10-02,12:00:00,7
1091,852,Yuki Tsunoda,15,Singapore Grand Prix,2022-10-02,12:00:00,34
1091,854,Mick Schumacher,15,Singapore Grand Prix,2022-10-02,12:00:00,58
1091,855,Guanyu Zhou,15,Singapore Grand Prix,2022-10-02,12:00:00,6
1092,1,Lewis Hamilton,22,Japanese Grand Prix,2022-10-09,05:00:00,28
1092,4,Fernando Alonso,22,Japanese Grand Prix,2022-10-09,05:00:00,28
1092,20,Sebastian Vettel,22,Japanese Grand Prix,2022-10-09,05:00:00,28
1092,815,Sergio Pérez,22,Japanese Grand Prix,2022-10-09,05:00:00,28
1092,817,Daniel Ricciardo,22,Japanese Grand Prix,2022-10-09,05:00:00,28
1092,822,Valtteri Bottas,22,Japanese Grand Prix,2022-10-09,05:00:00,28
1092,825,Kevin Magnussen,22,Japanese Grand Prix,2022-10-09,05:00:00,28
1092,830,Max Verstappen,22,Japanese Grand Prix,2022-10-09,05:00:00,28
1092,839,Esteban Ocon,22,Japanese Grand Prix,2022-10-09,05:00:00,28
1092,840,Lance Stroll,22,Japanese Grand Prix,2022-10-09,05:00:00,28
1092,842,Pierre Gasly,22,Japanese Grand Prix,2022-10-09,05:00:00,28
1092,844,Charles Leclerc,22,Japanese Grand Prix,2022-10-09,05:00:00,28
1092,846,Lando Norris,22,Japanese Grand Prix,2022-10-09,05:00:00,28
1092,847,George Russell,22,Japanese Grand Prix,2022-10-09,05:00:00,28
1092,849,Nicholas Latifi,22,Japanese Grand Prix,2022-10-09,05:00:00,28
1092,852,Yuki Tsunoda,22,Japanese Grand Prix,2022-10-09,05:00:00,28
1092,854,Mick Schumacher,22,Japanese Grand Prix,2022-10-09,05:00:00,28
1092,855,Guanyu Zhou,22,Japanese Grand Prix,2022-10-09,05:00:00,28
1093,1,Lewis Hamilton,69,United States Grand Prix,2022-10-23,19:00:00,56
1093,4,Fernando Alonso,69,United States Grand Prix,2022-10-23,19:00:00,56
1093,20,Sebastian Vettel,69,United States Grand Prix,2022-10-23,19:00:00,56
1093,815,Sergio Pérez,69,United States Grand Prix,2022-10-23,19:00:00,56
1093,817,Daniel Ricciardo,69,United States Grand Prix,2022-10-23,19:00:00,56
1093,822,Valtteri Bottas,69,United States Grand Prix,2022-10-23,19:00:00,16
1093,825,Kevin Magnussen,69,United States Grand Prix,2022-10-23,19:00:00,56
1093,830,Max Verstappen,69,United States Grand Prix,2022-10-23,19:00:00,56
1093,832,Carlos Sainz,69,United States Grand Prix,2022-10-23,19:00:00,1
1093,839,Esteban Ocon,69,United States Grand Prix,2022-10-23,19:00:00,56
1093,840,Lance Stroll,69,United States Grand Prix,2022-10-23,19:00:00,21
1093,842,Pierre Gasly,69,United States Grand Prix,2022-10-23,19:00:00,56
1093,844,Charles Leclerc,69,United States Grand Prix,2022-10-23,19:00:00,56
1093,846,Lando Norris,69,United States Grand Prix,2022-10-23,19:00:00,56
1093,847,George Russell,69,United States Grand Prix,2022-10-23,19:00:00,56
1093,848,Alexander Albon,69,United States Grand Prix,2022-10-23,19:00:00,56
1093,849,Nicholas Latifi,69,United States Grand Prix,2022-10-23,19:00:00,56
1093,852,Yuki Tsunoda,69,United States Grand Prix,2022-10-23,19:00:00,56
1093,854,Mick Schumacher,69,United States Grand Prix,2022-10-23,19:00:00,56
1093,855,Guanyu Zhou,69,United States Grand Prix,2022-10-23,19:00:00,56
1094,1,Lewis Hamilton,32,Mexico City Grand Prix,2022-10-30,20:00:00,71
1094,4,Fernando Alonso,32,Mexico City Grand Prix,2022-10-30,20:00:00,63
1094,20,Sebastian Vettel,32,Mexico City Grand Prix,2022-10-30,20:00:00,70
1094,815,Sergio Pérez,32,Mexico City Grand Prix,2022-10-30,20:00:00,71
1094,817,Daniel Ricciardo,32,Mexico City Grand Prix,2022-10-30,20:00:00,70
1094,822,Valtteri Bottas,32,Mexico City Grand Prix,2022-10-30,20:00:00,70
1094,825,Kevin Magnussen,32,Mexico City Grand Prix,2022-10-30,20:00:00,70
1094,830,Max Verstappen,32,Mexico City Grand Prix,2022-10-30,20:00:00,71
1094,832,Carlos Sainz,32,Mexico City Grand Prix,2022-10-30,20:00:00,71
1094,839,Esteban Ocon,32,Mexico City Grand Prix,2022-10-30,20:00:00,70
1094,840,Lance Stroll,32,Mexico City Grand Prix,2022-10-30,20:00:00,70
1094,842,Pierre Gasly,32,Mexico City Grand Prix,2022-10-30,20:00:00,70
1094,844,Charles Leclerc,32,Mexico City Grand Prix,2022-10-30,20:00:00,71
1094,846,Lando Norris,32,Mexico City Grand Prix,2022-10-30,20:00:00,70
1094,847,George Russell,32,Mexico City Grand Prix,2022-10-30,20:00:00,71
1094,848,Alexander Albon,32,Mexico City Grand Prix,2022-10-30,20:00:00,70
1094,849,Nicholas Latifi,32,Mexico City Grand Prix,2022-10-30,20:00:00,69
1094,852,Yuki Tsunoda,32,Mexico City Grand Prix,2022-10-30,20:00:00,50
1094,854,Mick Schumacher,32,Mexico City Grand Prix,2022-10-30,20:00:00,70
1094,855,Guanyu Zhou,32,Mexico City Grand Prix,2022-10-30,20:00:00,70
1095,1,Lewis Hamilton,18,Brazilian Grand Prix,2022-11-13,18:00:00,71
1095,4,Fernando Alonso,18,Brazilian Grand Prix,2022-11-13,18:00:00,71
1095,20,Sebastian Vettel,18,Brazilian Grand Prix,2022-11-13,18:00:00,71
1095,815,Sergio Pérez,18,Brazilian Grand Prix,2022-11-13,18:00:00,71
1095,822,Valtteri Bottas,18,Brazilian Grand Prix,2022-11-13,18:00:00,71
1095,830,Max Verstappen,18,Brazilian Grand Prix,2022-11-13,18:00:00,71
1095,832,Carlos Sainz,18,Brazilian Grand Prix,2022-11-13,18:00:00,71
1095,839,Esteban Ocon,18,Brazilian Grand Prix,2022-11-13,18:00:00,71
1095,840,Lance Stroll,18,Brazilian Grand Prix,2022-11-13,18:00:00,71
1095,842,Pierre Gasly,18,Brazilian Grand Prix,2022-11-13,18:00:00,71
1095,844,Charles Leclerc,18,Brazilian Grand Prix,2022-11-13,18:00:00,71
1095,846,Lando Norris,18,Brazilian Grand Prix,2022-11-13,18:00:00,50
1095,847,George Russell,18,Brazilian Grand Prix,2022-11-13,18:00:00,71
1095,848,Alexander Albon,18,Brazilian Grand Prix,2022-11-13,18:00:00,71
1095,849,Nicholas Latifi,18,Brazilian Grand Prix,2022-11-13,18:00:00,71
1095,852,Yuki Tsunoda,18,Brazilian Grand Prix,2022-11-13,18:00:00,70
1095,854,Mick Schumacher,18,Brazilian Grand Prix,2022-11-13,18:00:00,71
1095,855,Guanyu Zhou,18,Brazilian Grand Prix,2022-11-13,18:00:00,71
1096,1,Lewis Hamilton,24,Abu Dhabi Grand Prix,2022-11-20,13:00:00,55
1096,4,Fernando Alonso,24,Abu Dhabi Grand Prix,2022-11-20,13:00:00,27
1096,20,Sebastian Vettel,24,Abu Dhabi Grand Prix,2022-11-20,13:00:00,58
1096,815,Sergio Pérez,24,Abu Dhabi Grand Prix,2022-11-20,13:00:00,58
1096,817,Daniel Ricciardo,24,Abu Dhabi Grand Prix,2022-11-20,13:00:00,58
1096,822,Valtteri Bottas,24,Abu Dhabi Grand Prix,2022-11-20,13:00:00,57
1096,825,Kevin Magnussen,24,Abu Dhabi Grand Prix,2022-11-20,13:00:00,57
1096,830,Max Verstappen,24,Abu Dhabi Grand Prix,2022-11-20,13:00:00,58
1096,832,Carlos Sainz,24,Abu Dhabi Grand Prix,2022-11-20,13:00:00,58
1096,839,Esteban Ocon,24,Abu Dhabi Grand Prix,2022-11-20,13:00:00,58
1096,840,Lance Stroll,24,Abu Dhabi Grand Prix,2022-11-20,13:00:00,58
1096,842,Pierre Gasly,24,Abu Dhabi Grand Prix,2022-11-20,13:00:00,57
1096,844,Charles Leclerc,24,Abu Dhabi Grand Prix,2022-11-20,13:00:00,58
1096,846,Lando Norris,24,Abu Dhabi Grand Prix,2022-11-20,13:00:00,58
1096,847,George Russell,24,Abu Dhabi Grand Prix,2022-11-20,13:00:00,58
1096,848,Alexander Albon,24,Abu Dhabi Grand Prix,2022-11-20,13:00:00,57
1096,849,Nicholas Latifi,24,Abu Dhabi Grand Prix,2022-11-20,13:00:00,55
1096,852,Yuki Tsunoda,24,Abu Dhabi Grand Prix,2022-11-20,13:00:00,58
1096,854,Mick Schumacher,24,Abu Dhabi Grand Prix,2022-11-20,13:00:00,57
1096,855,Guanyu Zhou,24,Abu Dhabi Grand Prix,2022-11-20,13:00:00,57
1098,1,Lewis Hamilton,3,Bahrain Grand Prix,2023-03-05,15:00:00,57
1098,4,Fernando Alonso,3,Bahrain Grand Prix,2023-03-05,15:00:00,57
1098,807,Nico Hülkenberg,3,Bahrain Grand Prix,2023-03-05,15:00:00,56
1098,815,Sergio Pérez,3,Bahrain Grand Prix,2023-03-05,15:00:00,57
1098,822,Valtteri Bottas,3,Bahrain Grand Prix,2023-03-05,15:00:00,57
1098,825,Kevin Magnussen,3,Bahrain Grand Prix,2023-03-05,15:00:00,56
1098,830,Max Verstappen,3,Bahrain Grand Prix,2023-03-05,15:00:00,57
1098,832,Carlos Sainz,3,Bahrain Grand Prix,2023-03-05,15:00:00,57
1098,839,Esteban Ocon,3,Bahrain Grand Prix,2023-03-05,15:00:00,41
1098,840,Lance Stroll,3,Bahrain Grand Prix,2023-03-05,15:00:00,57
1098,842,Pierre Gasly,3,Bahrain Grand Prix,2023-03-05,15:00:00,57
1098,844,Charles Leclerc,3,Bahrain Grand Prix,2023-03-05,15:00:00,39
1098,846,Lando Norris,3,Bahrain Grand Prix,2023-03-05,15:00:00,55
1098,847,George Russell,3,Bahrain Grand Prix,2023-03-05,15:00:00,57
1098,848,Alexander Albon,3,Bahrain Grand Prix,2023-03-05,15:00:00,57
1098,852,Yuki Tsunoda,3,Bahrain Grand Prix,2023-03-05,15:00:00,57
1098,855,Guanyu Zhou,3,Bahrain Grand Prix,2023-03-05,15:00:00,56
1098,856,Nyck de Vries,3,Bahrain Grand Prix,2023-03-05,15:00:00,56
1098,857,Oscar Piastri,3,Bahrain Grand Prix,2023-03-05,15:00:00,13
1098,858,Logan Sargeant,3,Bahrain Grand Prix,2023-03-05,15:00:00,56
1099,1,Lewis Hamilton,77,Saudi Arabian Grand Prix,2023-03-19,17:00:00,50
1099,4,Fernando Alonso,77,Saudi Arabian Grand Prix,2023-03-19,17:00:00,50
1099,807,Nico Hülkenberg,77,Saudi Arabian Grand Prix,2023-03-19,17:00:00,50
1099,815,Sergio Pérez,77,Saudi Arabian Grand Prix,2023-03-19,17:00:00,50
1099,822,Valtteri Bottas,77,Saudi Arabian Grand Prix,2023-03-19,17:00:00,49
1099,825,Kevin Magnussen,77,Saudi Arabian Grand Prix,2023-03-19,17:00:00,50
1099,830,Max Verstappen,77,Saudi Arabian Grand Prix,2023-03-19,17:00:00,50
1099,832,Carlos Sainz,77,Saudi Arabian Grand Prix,2023-03-19,17:00:00,50
1099,839,Esteban Ocon,77,Saudi Arabian Grand Prix,2023-03-19,17:00:00,50
1099,840,Lance Stroll,77,Saudi Arabian Grand Prix,2023-03-19,17:00:00,16
1099,842,Pierre Gasly,77,Saudi Arabian Grand Prix,2023-03-19,17:00:00,50
1099,844,Charles Leclerc,77,Saudi Arabian Grand Prix,2023-03-19,17:00:00,50
1099,846,Lando Norris,77,Saudi Arabian Grand Prix,2023-03-19,17:00:00,50
1099,847,George Russell,77,Saudi Arabian Grand Prix,2023-03-19,17:00:00,50
1099,848,Alexander Albon,77,Saudi Arabian Grand Prix,2023-03-19,17:00:00,27
1099,852,Yuki Tsunoda,77,Saudi Arabian Grand Prix,2023-03-19,17:00:00,50
1099,855,Guanyu Zhou,77,Saudi Arabian Grand Prix,2023-03-19,17:00:00,50
1099,856,Nyck de Vries,77,Saudi Arabian Grand Prix,2023-03-19,17:00:00,50
1099,857,Oscar Piastri,77,Saudi Arabian Grand Prix,2023-03-19,17:00:00,50
1099,858,Logan Sargeant,77,Saudi Arabian Grand Prix,2023-03-19,17:00:00,50
1100,1,Lewis Hamilton,1,Australian Grand Prix,2023-04-02,05:00:00,58
1100,4,Fernando Alonso,1,Australian Grand Prix,2023-04-02,05:00:00,58
1100,807,Nico Hülkenberg,1,Australian Grand Prix,2023-04-02,05:00:00,58
1100,815,Sergio Pérez,1,Australian Grand Prix,2023-04-02,05:00:00,58
1100,822,Valtteri Bottas,1,Australian Grand Prix,2023-04-02,05:00:00,58
1100,825,Kevin Magnussen,1,Australian Grand Prix,2023-04-02,05:00:00,52
1100,830,Max Verstappen,1,Australian Grand Prix,2023-04-02,05:00:00,58
1100,832,Carlos Sainz,1,Australian Grand Prix,2023-04-02,05:00:00,58
1100,839,Esteban Ocon,1,Australian Grand Prix,2023-04-02,05:00:00,56
1100,840,Lance Stroll,1,Australian Grand Prix,2023-04-02,05:00:00,58
1100,842,Pierre Gasly,1,Australian Grand Prix,2023-04-02,05:00:00,56
1100,846,Lando Norris,1,Australian Grand Prix,2023-04-02,05:00:00,58
1100,847,George Russell,1,Australian Grand Prix,2023-04-02,05:00:00,17
1100,848,Alexander Albon,1,Australian Grand Prix,2023-04-02,05:00:00,6
1100,852,Yuki Tsunoda,1,Australian Grand Prix,2023-04-02,05:00:00,58
1100,855,Guanyu Zhou,1,Australian Grand Prix,2023-04-02,05:00:00,58
1100,856,Nyck de Vries,1,Australian Grand Prix,2023-04-02,05:00:00,56
1100,857,Oscar Piastri,1,Australian Grand Prix,2023-04-02,05:00:00,58
1100,858,Logan Sargeant,1,Australian Grand Prix,2023-04-02,05:00:00,56
1101,1,Lewis Hamilton,73,Azerbaijan Grand Prix,2023-04-30,11:00:00,51
1101,4,Fernando Alonso,73,Azerbaijan Grand Prix,2023-04-30,11:00:00,51
1101,807,Nico Hülkenberg,73,Azerbaijan Grand Prix,2023-04-30,11:00:00,50
1101,815,Sergio Pérez,73,Azerbaijan Grand Prix,2023-04-30,11:00:00,51
1101,822,Valtteri Bottas,73,Azerbaijan Grand Prix,2023-04-30,11:00:00,50
1101,825,Kevin Magnussen,73,Azerbaijan Grand Prix,2023-04-30,11:00:00,51
1101,830,Max Verstappen,73,Azerbaijan Grand Prix,2023-04-30,11:00:00,51
1101,832,Carlos Sainz,73,Azerbaijan Grand Prix,2023-04-30,11:00:00,51
1101,839,Esteban Ocon,73,Azerbaijan Grand Prix,2023-04-30,11:00:00,51
1101,840,Lance Stroll,73,Azerbaijan Grand Prix,2023-04-30,11:00:00,51
1101,842,Pierre Gasly,73,Azerbaijan Grand Prix,2023-04-30,11:00:00,51
1101,844,Charles Leclerc,73,Azerbaijan Grand Prix,2023-04-30,11:00:00,51
1101,846,Lando Norris,73,Azerbaijan Grand Prix,2023-04-30,11:00:00,51
1101,847,George Russell,73,Azerbaijan Grand Prix,2023-04-30,11:00:00,51
1101,848,Alexander Albon,73,Azerbaijan Grand Prix,2023-04-30,11:00:00,51
1101,852,Yuki Tsunoda,73,Azerbaijan Grand Prix,2023-04-30,11:00:00,51
1101,855,Guanyu Zhou,73,Azerbaijan Grand Prix,2023-04-30,11:00:00,36
1101,856,Nyck de Vries,73,Azerbaijan Grand Prix,2023-04-30,11:00:00,9
1101,857,Oscar Piastri,73,Azerbaijan Grand Prix,2023-04-30,11:00:00,51
1101,858,Logan Sargeant,73,Azerbaijan Grand Prix,2023-04-30,11:00:00,51
1102,1,Lewis Hamilton,79,Miami Grand Prix,2023-05-07,19:30:00,57
1102,4,Fernando Alonso,79,Miami Grand Prix,2023-05-07,19:30:00,57
1102,807,Nico Hülkenberg,79,Miami Grand Prix,2023-05-07,19:30:00,57
1102,815,Sergio Pérez,79,Miami Grand Prix,2023-05-07,19:30:00,57
1102,822,Valtteri Bottas,79,Miami Grand Prix,2023-05-07,19:30:00,57
1102,825,Kevin Magnussen,79,Miami Grand Prix,2023-05-07,19:30:00,57
1102,830,Max Verstappen,79,Miami Grand Prix,2023-05-07,19:30:00,57
1102,832,Carlos Sainz,79,Miami Grand Prix,2023-05-07,19:30:00,57
1102,839,Esteban Ocon,79,Miami Grand Prix,2023-05-07,19:30:00,57
1102,840,Lance Stroll,79,Miami Grand Prix,2023-05-07,19:30:00,57
1102,842,Pierre Gasly,79,Miami Grand Prix,2023-05-07,19:30:00,57
1102,844,Charles Leclerc,79,Miami Grand Prix,2023-05-07,19:30:00,57
1102,846,Lando Norris,79,Miami Grand Prix,2023-05-07,19:30:00,57
1102,847,George Russell,79,Miami Grand Prix,2023-05-07,19:30:00,57
1102,848,Alexander Albon,79,Miami Grand Prix,2023-05-07,19:30:00,57
1102,852,Yuki Tsunoda,79,Miami Grand Prix,2023-05-07,19:30:00,57
1102,855,Guanyu Zhou,79,Miami Grand Prix,2023-05-07,19:30:00,57
1102,856,Nyck de Vries,79,Miami Grand Prix,2023-05-07,19:30:00,57
1102,857,Oscar Piastri,79,Miami Grand Prix,2023-05-07,19:30:00,56
1102,858,Logan Sargeant,79,Miami Grand Prix,2023-05-07,19:30:00,56
1104,1,Lewis Hamilton,6,Monaco Grand Prix,2023-05-28,13:00:00,78
1104,4,Fernando Alonso,6,Monaco Grand Prix,2023-05-28,13:00:00,78
1104,807,Nico Hülkenberg,6,Monaco Grand Prix,2023-05-28,13:00:00,76
1104,815,Sergio Pérez,6,Monaco Grand Prix,2023-05-28,13:00:00,76
1104,822,Valtteri Bottas,6,Monaco Grand Prix,2023-05-28,13:00:00,77
1104,825,Kevin Magnussen,6,Monaco Grand Prix,2023-05-28,13:00:00,70
1104,830,Max Verstappen,6,Monaco Grand Prix,2023-05-28,13:00:00,78
1104,832,Carlos Sainz,6,Monaco Grand Prix,2023-05-28,13:00:00,78
1104,839,Esteban Ocon,6,Monaco Grand Prix,2023-05-28,13:00:00,78
1104,840,Lance Stroll,6,Monaco Grand Prix,2023-05-28,13:00:00,53
1104,842,Pierre Gasly,6,Monaco Grand Prix,2023-05-28,13:00:00,78
1104,844,Charles Leclerc,6,Monaco Grand Prix,2023-05-28,13:00:00,78
1104,846,Lando Norris,6,Monaco Grand Prix,2023-05-28,13:00:00,77
1104,847,George Russell,6,Monaco Grand Prix,2023-05-28,13:00:00,78
1104,848,Alexander Albon,6,Monaco Grand Prix,2023-05-28,13:00:00,77
1104,852,Yuki Tsunoda,6,Monaco Grand Prix,2023-05-28,13:00:00,76
1104,855,Guanyu Zhou,6,Monaco Grand Prix,2023-05-28,13:00:00,77
1104,856,Nyck de Vries,6,Monaco Grand Prix,2023-05-28,13:00:00,77
1104,857,Oscar Piastri,6,Monaco Grand Prix,2023-05-28,13:00:00,77
1104,858,Logan Sargeant,6,Monaco Grand Prix,2023-05-28,13:00:00,76
1105,1,Lewis Hamilton,4,Spanish Grand Prix,2023-06-04,13:00:00,66
1105,4,Fernando Alonso,4,Spanish Grand Prix,2023-06-04,13:00:00,66
1105,807,Nico Hülkenberg,4,Spanish Grand Prix,2023-06-04,13:00:00,65
1105,815,Sergio Pérez,4,Spanish Grand Prix,2023-06-04,13:00:00,66
1105,822,Valtteri Bottas,4,Spanish Grand Prix,2023-06-04,13:00:00,65
1105,825,Kevin Magnussen,4,Spanish Grand Prix,2023-06-04,13:00:00,65
1105,830,Max Verstappen,4,Spanish Grand Prix,2023-06-04,13:00:00,66
1105,832,Carlos Sainz,4,Spanish Grand Prix,2023-06-04,13:00:00,66
1105,839,Esteban Ocon,4,Spanish Grand Prix,2023-06-04,13:00:00,66
1105,840,Lance Stroll,4,Spanish Grand Prix,2023-06-04,13:00:00,66
1105,842,Pierre Gasly,4,Spanish Grand Prix,2023-06-04,13:00:00,66
1105,844,Charles Leclerc,4,Spanish Grand Prix,2023-06-04,13:00:00,66
1105,846,Lando Norris,4,Spanish Grand Prix,2023-06-04,13:00:00,65
1105,847,George Russell,4,Spanish Grand Prix,2023-06-04,13:00:00,66
1105,848,Alexander Albon,4,Spanish Grand Prix,2023-06-04,13:00:00,65
1105,852,Yuki Tsunoda,4,Spanish Grand Prix,2023-06-04,13:00:00,66
1105,855,Guanyu Zhou,4,Spanish Grand Prix,2023-06-04,13:00:00,66
1105,856,Nyck de Vries,4,Spanish Grand Prix,2023-06-04,13:00:00,65
1105,857,Oscar Piastri,4,Spanish Grand Prix,2023-06-04,13:00:00,65
1105,858,Logan Sargeant,4,Spanish Grand Prix,2023-06-04,13:00:00,65
1106,1,Lewis Hamilton,7,Canadian Grand Prix,2023-06-18,18:00:00,70
1106,4,Fernando Alonso,7,Canadian Grand Prix,2023-06-18,18:00:00,70
1106,807,Nico Hülkenberg,7,Canadian Grand Prix,2023-06-18,18:00:00,69
1106,815,Sergio Pérez,7,Canadian Grand Prix,2023-06-18,18:00:00,70
1106,822,Valtteri Bottas,7,Canadian Grand Prix,2023-06-18,18:00:00,70
1106,825,Kevin Magnussen,7,Canadian Grand Prix,2023-06-18,18:00:00,69
1106,830,Max Verstappen,7,Canadian Grand Prix,2023-06-18,18:00:00,70
1106,832,Carlos Sainz,7,Canadian Grand Prix,2023-06-18,18:00:00,70
1106,839,Esteban Ocon,7,Canadian Grand Prix,2023-06-18,18:00:00,70
1106,840,Lance Stroll,7,Canadian Grand Prix,2023-06-18,18:00:00,70
1106,842,Pierre Gasly,7,Canadian Grand Prix,2023-06-18,18:00:00,70
1106,844,Charles Leclerc,7,Canadian Grand Prix,2023-06-18,18:00:00,70
1106,846,Lando Norris,7,Canadian Grand Prix,2023-06-18,18:00:00,70
1106,847,George Russell,7,Canadian Grand Prix,2023-06-18,18:00:00,53
1106,848,Alexander Albon,7,Canadian Grand Prix,2023-06-18,18:00:00,70
1106,852,Yuki Tsunoda,7,Canadian Grand Prix,2023-06-18,18:00:00,70
1106,855,Guanyu Zhou,7,Canadian Grand Prix,2023-06-18,18:00:00,69
1106,856,Nyck de Vries,7,Canadian Grand Prix,2023-06-18,18:00:00,69
1106,857,Oscar Piastri,7,Canadian Grand Prix,2023-06-18,18:00:00,70
1106,858,Logan Sargeant,7,Canadian Grand Prix,2023-06-18,18:00:00,6
1107,1,Lewis Hamilton,70,Austrian Grand Prix,2023-07-02,13:00:00,71
1107,4,Fernando Alonso,70,Austrian Grand Prix,2023-07-02,13:00:00,71
1107,807,Nico Hülkenberg,70,Austrian Grand Prix,2023-07-02,13:00:00,12
1107,815,Sergio Pérez,70,Austrian Grand Prix,2023-07-02,13:00:00,71
1107,822,Valtteri Bottas,70,Austrian Grand Prix,2023-07-02,13:00:00,70
1107,825,Kevin Magnussen,70,Austrian Grand Prix,2023-07-02,13:00:00,70
1107,830,Max Verstappen,70,Austrian Grand Prix,2023-07-02,13:00:00,71
1107,832,Carlos Sainz,70,Austrian Grand Prix,2023-07-02,13:00:00,71
1107,839,Esteban Ocon,70,Austrian Grand Prix,2023-07-02,13:00:00,70
1107,840,Lance Stroll,70,Austrian Grand Prix,2023-07-02,13:00:00,71
1107,842,Pierre Gasly,70,Austrian Grand Prix,2023-07-02,13:00:00,71
1107,844,Charles Leclerc,70,Austrian Grand Prix,2023-07-02,13:00:00,71
1107,846,Lando Norris,70,Austrian Grand Prix,2023-07-02,13:00:00,71
1107,847,George Russell,70,Austrian Grand Prix,2023-07-02,13:00:00,71
1107,848,Alexander Albon,70,Austrian Grand Prix,2023-07-02,13:00:00,71
1107,852,Yuki Tsunoda,70,Austrian Grand Prix,2023-07-02,13:00:00,70
1107,855,Guanyu Zhou,70,Austrian Grand Prix,2023-07-02,13:00:00,70
1107,856,Nyck de Vries,70,Austrian Grand Prix,2023-07-02,13:00:00,70
1107,857,Oscar Piastri,70,Austrian Grand Prix,2023-07-02,13:00:00,70
1107,858,Logan Sargeant,70,Austrian Grand Prix,2023-07-02,13:00:00,70
1108,1,Lewis Hamilton,9,British Grand Prix,2023-07-09,14:00:00,52
1108,4,Fernando Alonso,9,British Grand Prix,2023-07-09,14:00:00,52
1108,807,Nico Hülkenberg,9,British Grand Prix,2023-07-09,14:00:00,52
1108,815,Sergio Pérez,9,British Grand Prix,2023-07-09,14:00:00,52
1108,822,Valtteri Bottas,9,British Grand Prix,2023-07-09,14:00:00,52
1108,825,Kevin Magnussen,9,British Grand Prix,2023-07-09,14:00:00,31
1108,830,Max Verstappen,9,British Grand Prix,2023-07-09,14:00:00,52
1108,832,Carlos Sainz,9,British Grand Prix,2023-07-09,14:00:00,52
1108,839,Esteban Ocon,9,British Grand Prix,2023-07-09,14:00:00,9
1108,840,Lance Stroll,9,British Grand Prix,2023-07-09,14:00:00,52
1108,842,Pierre Gasly,9,British Grand Prix,2023-07-09,14:00:00,46
1108,844,Charles Leclerc,9,British Grand Prix,2023-07-09,14:00:00,52
1108,846,Lando Norris,9,British Grand Prix,2023-07-09,14:00:00,52
1108,847,George Russell,9,British Grand Prix,2023-07-09,14:00:00,52
1108,848,Alexander Albon,9,British Grand Prix,2023-07-09,14:00:00,52
1108,852,Yuki Tsunoda,9,British Grand Prix,2023-07-09,14:00:00,52
1108,855,Guanyu Zhou,9,British Grand Prix,2023-07-09,14:00:00,52
1108,856,Nyck de Vries,9,British Grand Prix,2023-07-09,14:00:00,52
1108,857,Oscar Piastri,9,British Grand Prix,2023-07-09,14:00:00,52
1108,858,Logan Sargeant,9,British Grand Prix,2023-07-09,14:00:00,52
1109,1,Lewis Hamilton,11,Hungarian Grand Prix,2023-07-23,13:00:00,70
1109,4,Fernando Alonso,11,Hungarian Grand Prix,2023-07-23,13:00:00,70
1109,807,Nico Hülkenberg,11,Hungarian Grand Prix,2023-07-23,13:00:00,69
1109,815,Sergio Pérez,11,Hungarian Grand Prix,2023-07-23,13:00:00,70
1109,817,Daniel Ricciardo,11,Hungarian Grand Prix,2023-07-23,13:00:00,69
1109,822,Valtteri Bottas,11,Hungarian Grand Prix,2023-07-23,13:00:00,69
1109,825,Kevin Magnussen,11,Hungarian Grand Prix,2023-07-23,13:00:00,69
1109,830,Max Verstappen,11,Hungarian Grand Prix,2023-07-23,13:00:00,70
1109,832,Carlos Sainz,11,Hungarian Grand Prix,2023-07-23,13:00:00,70
1109,839,Esteban Ocon,11,Hungarian Grand Prix,2023-07-23,13:00:00,2
1109,840,Lance Stroll,11,Hungarian Grand Prix,2023-07-23,13:00:00,69
1109,842,Pierre Gasly,11,Hungarian Grand Prix,2023-07-23,13:00:00,1
1109,844,Charles Leclerc,11,Hungarian Grand Prix,2023-07-23,13:00:00,70
1109,846,Lando Norris,11,Hungarian Grand Prix,2023-07-23,13:00:00,70
1109,847,George Russell,11,Hungarian Grand Prix,2023-07-23,13:00:00,70
1109,848,Alexander Albon,11,Hungarian Grand Prix,2023-07-23,13:00:00,69
1109,852,Yuki Tsunoda,11,Hungarian Grand Prix,2023-07-23,13:00:00,69
1109,855,Guanyu Zhou,11,Hungarian Grand Prix,2023-07-23,13:00:00,69
1109,857,Oscar Piastri,11,Hungarian Grand Prix,2023-07-23,13:00:00,70
1109,858,Logan Sargeant,11,Hungarian Grand Prix,2023-07-23,13:00:00,67
1110,1,Lewis Hamilton,13,Belgian Grand Prix,2023-07-30,13:00:00,44
1110,4,Fernando Alonso,13,Belgian Grand Prix,2023-07-30,13:00:00,44
1110,807,Nico Hülkenberg,13,Belgian Grand Prix,2023-07-30,13:00:00,44
1110,815,Sergio Pérez,13,Belgian Grand Prix,2023-07-30,13:00:00,44
1110,817,Daniel Ricciardo,13,Belgian Grand Prix,2023-07-30,13:00:00,44
1110,822,Valtteri Bottas,13,Belgian Grand Prix,2023-07-30,13:00:00,44
1110,825,Kevin Magnussen,13,Belgian Grand Prix,2023-07-30,13:00:00,44
1110,830,Max Verstappen,13,Belgian Grand Prix,2023-07-30,13:00:00,44
1110,832,Carlos Sainz,13,Belgian Grand Prix,2023-07-30,13:00:00,23
1110,839,Esteban Ocon,13,Belgian Grand Prix,2023-07-30,13:00:00,44
1110,840,Lance Stroll,13,Belgian Grand Prix,2023-07-30,13:00:00,44
1110,842,Pierre Gasly,13,Belgian Grand Prix,2023-07-30,13:00:00,44
1110,844,Charles Leclerc,13,Belgian Grand Prix,2023-07-30,13:00:00,44
1110,846,Lando Norris,13,Belgian Grand Prix,2023-07-30,13:00:00,44
1110,847,George Russell,13,Belgian Grand Prix,2023-07-30,13:00:00,44
1110,848,Alexander Albon,13,Belgian Grand Prix,2023-07-30,13:00:00,44
1110,852,Yuki Tsunoda,13,Belgian Grand Prix,2023-07-30,13:00:00,44
1110,855,Guanyu Zhou,13,Belgian Grand Prix,2023-07-30,13:00:00,44
1110,858,Logan Sargeant,13,Belgian Grand Prix,2023-07-30,13:00:00,44
